Lamda,Training Accuracy,Test Accuracy
0.001,0.77,0.765
0.01,0.770714285714,0.765
0.1,0.779285714286,0.77875
1,0.880714285714,0.86625
10,0.5,0.5
100,0.5,0.5
1000,0.5,0.5
