Lamda,Training Accuracy,Test Accuracy
-100,0.505714286,0.50125
-10,0.686428571,0.675
0.001,0.713571429,0.705
0.01,0.713571429,0.705
0.1,0.713571429,0.705
0,0.713571429,0.705
1,0.715,0.70625
10,0.747857143,0.73
100,0.913571429,0.92125
