Lamda,Training Accuracy,Test Accuracy
0.001,0.794285714286,0.79125
0.01,0.848571428571,0.8325
0.1,0.891428571429,0.8825
1,0.671428571429,0.655
10,0.5,0.5
100,0.5,0.5
1000,0.5,0.5
