Lamda,Training Accuracy,Test Accuracy
0.001,0.77,0.765
0.01,0.813571428571,0.795
0.1,0.856428571429,0.84125
1,0.895,0.8925
10,0.5,0.5
100,0.5,0.5
1000,0.5,0.5
